Tweet_ID,Tweet
0,"@AskAnshul 
Why has @TIME not included Narendra Modi in top 100 influencial people on Earth.
I mean has Narendra Mo‚Ä¶ https://t.co/Qd7S5ZZk2N"
1,"RT @NazlinShaikh: Narendra Modi, 52 leaders meet at CHOGM
https://t.co/elNdp20wTU

via NMApp @narendramodi @PMOIndia @AmitShah @mygovindia‚Ä¶"
2,"RT @TG_Asif: #GuardianExposesIndia
@AmritWilson
These Rape-cases are well planned by Hindu extremists backed by Indian state. The protests‚Ä¶"
3,"RT @brijeshkalappa: Was there a great big happy reunion of the Modi khandaan in London yesterday?!
All Modi's- Nirav, Lalit &amp; Narendra  hap‚Ä¶"
4,"RT @AsYouNotWish: Serial faker, Prakash Raaj, who claims to be apolitical, posts old pics from various locations as the pics of protest aga‚Ä¶"
5,"RT @CNNnews18: PM Narendra Modi said he had a ""wonderful meeting"" with German Chancellor Angela Merkel 
https://t.co/1HFlu6xbpA"
6,"RT @VinodChavdaBJP: PM Shri @narendramodi ji Joins World Leaders for Commonwealth Heads of Government Meeting Retreat in UK 
 https://t.co/‚Ä¶"
7,"RT @Chopdasaab: Burnol Prices will shoot up today... BJP sweeps local body polls in Jharkhand, Amit Shah says people trust PM Modi's 'model‚Ä¶"
8,"RT @AsYouNotWish: Serial faker, Prakash Raaj, who claims to be apolitical, posts old pics from various locations as the pics of protest aga‚Ä¶"
9,Germany's Angela Merkel meets India's Narendra Modi amid industry worries https://t.co/AkMDididY9 via @dwnews
10,RT @DBTIndia: Major Initiatives for DBT announced in the joint statement issued by Prime Minister of India Shri Narendra Modi and Prime Min‚Ä¶
11,@ashutosh83B Its narendra damodardas Modi... All other are involved in some crime and charges are there against the‚Ä¶ https://t.co/MxGxuG1npa
12,"RT @AsYouNotWish: Serial faker, Prakash Raaj, who claims to be apolitical, posts old pics from various locations as the pics of protest aga‚Ä¶"
13,"RT @AsYouNotWish: Serial faker, Prakash Raaj, who claims to be apolitical, posts old pics from various locations as the pics of protest aga‚Ä¶"
14,"RT @thewirehindi: ‡§ï‡§π‡•Ä‡§Ç ‡§™‡•ç‡§∞‡§ß‡§æ‡§®‡§Æ‡§Ç‡§§‡•ç‡§∞‡•Ä ‡§Æ‡•ã‡§¶‡•Ä ‡§®‡•á ‡§ñ‡§º‡•Å‡§¶ ‡§ï‡•ã ‡§π‡•Ä ‡§§‡•ã ‡§≠‡§æ‡§∞‡§§ ‡§®‡§π‡•Ä‡§Ç ‡§Æ‡§æ‡§® ‡§≤‡§ø‡§Ø‡§æ ‡§π‡•à?
#NarendraModi #ModiInLondon #‡§®‡§∞‡•á‡§Ç‡§¶‡•ç‡§∞‡§Æ‡•ã‡§¶‡•Ä #‡§Æ‡•ã‡§¶‡•Ä‡§á‡§®‡§≤‡§Ç‡§¶‡§® https‚Ä¶"
15,"RT @AsYouNotWish: Serial faker, Prakash Raaj, who claims to be apolitical, posts old pics from various locations as the pics of protest aga‚Ä¶"
16,"RT @VinodChavdaBJP: PM Shri @narendramodi ji Joins World Leaders for Commonwealth Heads of Government Meeting Retreat in UK 
 https://t.co/‚Ä¶"
17,"RT @AsYouNotWish: Serial faker, Prakash Raaj, who claims to be apolitical, posts old pics from various locations as the pics of protest aga‚Ä¶"
18,"RT @rubusmubu: If you haven‚Äôt listened TDP Leader &amp; Actor Balakrishna speech, he shouldn‚Äôt have abused PM of India Narendra Modi like this!‚Ä¶"
19,"‡§Ü‡§ú ‡§Æ‡•ã‡§¶‡•Ä ‡§∏‡§∞‡§ï‡§æ‡§∞ ‡§≤‡§æ ‡§∏‡§ï‡§§‡•Ä ‡§π‡•à 12 ‡§∏‡§æ‡§≤ ‡§§‡§ï ‡§ï‡•Ä ‡§¨‡§ö‡•ç‡§ö‡§ø‡§Ø‡•ã‡§Ç ‡§∏‡•á ‡§∞‡•á‡§™ ‡§™‡§∞ ‡§´‡§æ‡§Ç‡§∏‡•Ä ‡§ï‡§æ ‡§Ö‡§ß‡•ç‡§Ø‡§æ‡§¶‡•á‡§∂ https://t.co/dRnq8thul7

#ModiGovt .‚Ä¶ https://t.co/mxFcMouzOi"
20,"RT @ikaveri: Revealed: Narendra Modi Link With Lalit Modi @nc24x7 https://t.co/XOjYGPr9jr

Modi Modi bhai bhai"
21,"RT @VinodChavdaBJP: PM Shri @narendramodi ji holds talks with German Chancellor Angela Merkel
 https://t.co/fFxBrNYw8q

via NMApp https://t‚Ä¶"
22,"RT @thewirehindi: ‡§ï‡§π‡•Ä‡§Ç ‡§™‡•ç‡§∞‡§ß‡§æ‡§®‡§Æ‡§Ç‡§§‡•ç‡§∞‡•Ä ‡§Æ‡•ã‡§¶‡•Ä ‡§®‡•á ‡§ñ‡§º‡•Å‡§¶ ‡§ï‡•ã ‡§π‡•Ä ‡§§‡•ã ‡§≠‡§æ‡§∞‡§§ ‡§®‡§π‡•Ä‡§Ç ‡§Æ‡§æ‡§® ‡§≤‡§ø‡§Ø‡§æ ‡§π‡•à?
#NarendraModi #ModiInLondon #‡§®‡§∞‡•á‡§Ç‡§¶‡•ç‡§∞‡§Æ‡•ã‡§¶‡•Ä #‡§Æ‡•ã‡§¶‡•Ä‡§á‡§®‡§≤‡§Ç‡§¶‡§® https‚Ä¶"
23,"RT @thewirehindi: ‡§ï‡§π‡•Ä‡§Ç ‡§™‡•ç‡§∞‡§ß‡§æ‡§®‡§Æ‡§Ç‡§§‡•ç‡§∞‡•Ä ‡§Æ‡•ã‡§¶‡•Ä ‡§®‡•á ‡§ñ‡§º‡•Å‡§¶ ‡§ï‡•ã ‡§π‡•Ä ‡§§‡•ã ‡§≠‡§æ‡§∞‡§§ ‡§®‡§π‡•Ä‡§Ç ‡§Æ‡§æ‡§® ‡§≤‡§ø‡§Ø‡§æ ‡§π‡•à?
#NarendraModi #ModiInLondon #‡§®‡§∞‡•á‡§Ç‡§¶‡•ç‡§∞‡§Æ‡•ã‡§¶‡•Ä #‡§Æ‡•ã‡§¶‡•Ä‡§á‡§®‡§≤‡§Ç‡§¶‡§® https‚Ä¶"
24,"RT @KalrajMishra: PM @narendramodi Joins World Leaders for Commonwealth Heads of Government Meeting Retreat in UK 
https://t.co/TMfBc4KHun"
25,"PM Modi Joins World Leaders for Commonwealth Heads of Government Meeting Retreat in UK 
https://t.co/f1jY2WNXSi

vi‚Ä¶ https://t.co/1UMlgowq49"
26,"Y 
PM Narendra Modi holds talks with German Chancellor Angela Merkel
https://t.co/semMM8QKoy

via NMApp https://t.co/na42AKMGYL"
27,@SatpathyLive Demonitazation is the nobel work after Indian Independence by my Leader Narendra Modi.Honble Prime Minister.Govt.of India.
28,"RT @Yr_Conscience: #IndiaStandsWithCJI, my foot! Only Narendra Modi, his moron bhakts and the sanghis stand by him. A guy who is hands-in-g‚Ä¶"
29,"RT @ANI: Prime Minister Narendra Modi arrives in Delhi, received by EAM Sushma Swaraj. https://t.co/GMl1hBCO50"
30,"RT @ThakurRanjitDas: Attended the nationwide launch of extended #PMUY at Khaira ,Balasore .My sincere gratitude to https://t.co/vlY74luvGn‚Ä¶"
31,"Jai ho 
PM Modi Joins World Leaders for Commonwealth Heads of Government Meeting Retreat in UK‚Ä¶ https://t.co/KnLniRCxSg"
32,RT @TheAshokSingh: Prakash Raaj posts old pics from various locations as the pics of protest against Narendra Modi during his most recent U‚Ä¶
33,"RT @AsYouNotWish: Serial faker, Prakash Raaj, who claims to be apolitical, posts old pics from various locations as the pics of protest aga‚Ä¶"
34,"Y 
PM Modi Joins World Leaders for Commonwealth Heads of Government Meeting Retreat in UK 
https://t.co/yezI3anzV3‚Ä¶ https://t.co/qBkBi7OIYQ"
35,"RT @KilaFateh: Haha üòÇü§£ you think you are intelligent!
Those who put Narendra modi fan in their bio

Are automatically shifted to moron cate‚Ä¶"
36,"PM Narendra Modi holds talks with German Chancellor Angela Merkel
 https://t.co/iRMozv0Na1

via NMApp https://t.co/ECrNMqioHK"
37,"RT @dinesh_chawla: Under leadership of PM Modi #India is ready to lead from the front
PM @narendramodi today joined other heads of governme‚Ä¶"
38,"RT @Manekagandhibjp: Hon‚Äôble PM Shri @narendramodi holds talks with German Chancellor Angela Merkel
https://t.co/iaGbVhNvp0

via NMApp http‚Ä¶"
39,"RT @AsYouNotWish: Serial faker, Prakash Raaj, who claims to be apolitical, posts old pics from various locations as the pics of protest aga‚Ä¶"
40,"RT @ANI: Prime Minister Narendra Modi arrives in Delhi, received by EAM Sushma Swaraj. https://t.co/GMl1hBCO50"
41,"RT @VinodChavdaBJP: PM Shri @narendramodi ji Joins World Leaders for Commonwealth Heads of Government Meeting Retreat in UK 
 https://t.co/‚Ä¶"
42,"RT @rameshsrivats: #TwitterTips
Want likes? Say something bad about Arvind Kejriwal.
Want retweets? Say something bad about Rahul Gandhi.
W‚Ä¶"
43,"RT @VinodChavdaBJP: PM Shri @narendramodi ji holds talks with German Chancellor Angela Merkel
 https://t.co/fFxBrNYw8q

via NMApp https://t‚Ä¶"
44,RT @ANI: #Germany: Prime Minister Narendra Modi departs for Delhi from Berlin. PM attended a dinner hosted by Germany Chancellor Angela Mer‚Ä¶
45,"RT @thewirehindi: ‡§ï‡§π‡•Ä‡§Ç ‡§™‡•ç‡§∞‡§ß‡§æ‡§®‡§Æ‡§Ç‡§§‡•ç‡§∞‡•Ä ‡§Æ‡•ã‡§¶‡•Ä ‡§®‡•á ‡§ñ‡§º‡•Å‡§¶ ‡§ï‡•ã ‡§π‡•Ä ‡§§‡•ã ‡§≠‡§æ‡§∞‡§§ ‡§®‡§π‡•Ä‡§Ç ‡§Æ‡§æ‡§® ‡§≤‡§ø‡§Ø‡§æ ‡§π‡•à?
#NarendraModi #ModiInLondon #‡§®‡§∞‡•á‡§Ç‡§¶‡•ç‡§∞‡§Æ‡•ã‡§¶‡•Ä #‡§Æ‡•ã‡§¶‡•Ä‡§á‡§®‡§≤‡§Ç‡§¶‡§® https‚Ä¶"
46,RT @defencedotpk: India is a ‚Äòrepublic of fear‚Äô. The UK must keep the pressure on Modi | Amrit Wilson https://t.co/N8N3RBmj9D
47,RT @drajaykumar_ias: UK India Joint Statement April 18 after Hon'ble Prime Minister Narendra Modi meeting with UK Prime Minister https://t.‚Ä¶
48,"RT @ikaveri: Revealed: Narendra Modi Link With Lalit Modi @nc24x7 https://t.co/XOjYGPr9jr

Modi Modi bhai bhai"
49,"RT @orientaltimes_: ‡§®‡§∞‡•á‡§Ç‡§¶‡•ç‡§∞ ‡§Æ‡•ã‡§¶‡•Ä ‡§ú‡•Ä ‡§≠‡•Ä ‡§≠‡§æ‡§∞‡§§ ‡§¶‡•á‡§∂ ‡§∏‡•á ‡§Ü‡§∞‡§ï‡•ç‡§∑‡§£ ‡§π‡§ü‡§æ ‡§¶‡•á , ‡§ú‡•à‡§∏‡•á ‡§π‡§Æ‡§®‡•á ‡§π‡§ü‡§æ ‡§¶‡§ø‡§Ø‡§æ :- ‡§∂‡•á‡§ñ ‡§π‡§∏‡•Ä‡§®‡§æ , ‡§¨‡§æ‡§Ç‡§ó‡•ç‡§≤‡§æ‡§¶‡•á‡§∂‡•Ä PM  https://t.co/2iEmY6xpA‚Ä¶"
50,"RT @mahmoodriazuk: #Solidarity with #Khalistani #Sikh 
Mahmood Riaz Former Minister of state AJK,Abdul Majid Khan Leader PTI AJK,stand Soli‚Ä¶"
51,"RT @Manekagandhibjp: During the #BharatKiBaatSabkeSaath programme, someone asked hon'ble PM Narendra Modi ji about Bhagwan Basaveshwara and‚Ä¶"
52,"RT @ANI: Prime Minister Narendra Modi arrives in Delhi, received by EAM Sushma Swaraj. https://t.co/GMl1hBCO50"
53,RT @ANI: #Germany: Prime Minister Narendra Modi departs for Delhi from Berlin. PM attended a dinner hosted by Germany Chancellor Angela Mer‚Ä¶
54,"RT @AsYouNotWish: Serial faker, Prakash Raaj, who claims to be apolitical, posts old pics from various locations as the pics of protest aga‚Ä¶"
55,"PM Modi Joins World Leaders for Commonwealth Heads of Government Meeting Retreat in UK 
 https://t.co/LFajdD09Rd

v‚Ä¶ https://t.co/RA0VCIqjAh"
56,"RT @AsYouNotWish: Serial faker, Prakash Raaj, who claims to be apolitical, posts old pics from various locations as the pics of protest aga‚Ä¶"
57,"@RoflGandhi_ @Pun_Starr
@Vishj05 @swamv39
@RealHistoryPic
#ModiPuran
Narendra Narendra where have you been ?
I‚Äôm in‚Ä¶ https://t.co/3EC09iLZ4D"
58,"RT @narendramodi_in: Highlights from Prime Minister @narendramodi's #BharatKiBaat programme in London. 

Check out more quotes of the Prime‚Ä¶"
59,"PM Modi Joins World Leaders for Commonwealth Heads of Government Meeting Retreat in UK 
 https://t.co/LFajdD09Rd

v‚Ä¶ https://t.co/paVNsJwm4o"
60,"Y 
PM Modi Joins World Leaders for Commonwealth Heads of Government Meeting Retreat in UK 
https://t.co/yezI3anzV3‚Ä¶ https://t.co/pnOzckojjt"
61,"RT @RPJaiswal8: Don't Underestimate India's Cunning Narendra Modi, says Forbes; You will get goosebumps when you know the reason behind For‚Ä¶"
62,‡§Æ‡•ã‡§¶‡•Ä ‡§Ö‡§™‡§®‡•Ä ‡§¨‡•ç‡§∞‡§ø‡§ü‡•á‡§® ‡§Ø‡§æ‡§§‡•ç‡§∞‡§æ ‡§∏‡§Æ‡§æ‡§™‡•ç‡§§ ‡§ï‡§∞‡§®‡•á ‡§ï‡•á ‡§¨‡§æ‡§¶ ‡§¨‡§∞‡•ç‡§≤‡§ø‡§® ‡§™‡§π‡•Å‡§Ç‡§ö‡•á ‡§•‡•á. ‡§µ‡§π‡§æ‡§Ç ‡§â‡§®‡•ç‡§π‡•ã‡§Ç‡§®‡•á ‡§∞‡§æ‡§∑‡•ç‡§ü‡•ç‡§∞‡§Æ‡§Ç‡§°‡§≤ ‡§¶‡•á‡§∂‡•ã‡§Ç ‡§ï‡•á ‡§∂‡§æ‡§∏‡§®‡§æ‡§ß‡•ç‡§Ø‡§ï‡•ç‡§∑‡•ã‡§Ç (‡§ö‡•ã‡§ó‚Ä¶ https://t.co/GKDkRSJOQX
63,"RT @anchan_shaila: ""I will be silent if Rahul Gandhi, Narendra Modi, Amit Shah and Siddaramaiah visit temples. I do not have any problem wi‚Ä¶"
64,"RT @DilCongress: Want likes? Say something bad about Arvind Kejriwal.
Want retweets? Say something bad about Rahul Gandhi.
Want comments? S‚Ä¶"
65,"Complete List Of Agreements Signed Between India And UK After PM Modi
The MoU or agreement on Skill Development, vo‚Ä¶ https://t.co/oftFW3PPY3"
66,"RT @thewirehindi: ‡§ï‡§π‡•Ä‡§Ç ‡§™‡•ç‡§∞‡§ß‡§æ‡§®‡§Æ‡§Ç‡§§‡•ç‡§∞‡•Ä ‡§Æ‡•ã‡§¶‡•Ä ‡§®‡•á ‡§ñ‡§º‡•Å‡§¶ ‡§ï‡•ã ‡§π‡•Ä ‡§§‡•ã ‡§≠‡§æ‡§∞‡§§ ‡§®‡§π‡•Ä‡§Ç ‡§Æ‡§æ‡§® ‡§≤‡§ø‡§Ø‡§æ ‡§π‡•à?
#NarendraModi #ModiInLondon #‡§®‡§∞‡•á‡§Ç‡§¶‡•ç‡§∞‡§Æ‡•ã‡§¶‡•Ä #‡§Æ‡•ã‡§¶‡•Ä‡§á‡§®‡§≤‡§Ç‡§¶‡§® https‚Ä¶"
67,"RT @vinayak_jain: Jharkhand Municipal polls ‚Äî

üîπBJP wins 10 of 14 municipal council seats; 10 of 14 Nagar Panchayat seats.¬†¬†
üîπBJP wins 4 of‚Ä¶"
68,"RT @rameshsrivats: #TwitterTips
Want likes? Say something bad about Arvind Kejriwal.
Want retweets? Say something bad about Rahul Gandhi.
W‚Ä¶"
69,RT @i_me_my5elf: Narendra Modi politicised Rape to Grab power but failed to provide protection to our daughters. Now it's time to ask him a‚Ä¶
70,"RT @rameshsrivats: #TwitterTips
Want likes? Say something bad about Arvind Kejriwal.
Want retweets? Say something bad about Rahul Gandhi.
W‚Ä¶"
71,"Don't Underestimate India's Cunning Narendra Modi, says Forbes; You will get goosebumps when you know the reason be‚Ä¶ https://t.co/QnKyyoPtgx"
72,RT @CNNnews18: BJP‚Äôs Narendra Taneja to @bhupendrachaube on #Viewpoint ‚Äì Because the Congress cannot target us and PM Modi politically they‚Ä¶
73,"RT @VinodChavdaBJP: PM Shri @narendramodi ji Joins World Leaders for Commonwealth Heads of Government Meeting Retreat in UK 
 https://t.co/‚Ä¶"
74,"RT @VinodChavdaBJP: PM Shri @narendramodi ji Joins World Leaders for Commonwealth Heads of Government Meeting Retreat in UK 
 https://t.co/‚Ä¶"
75,"RT @VinodChavdaBJP: PM Shri @narendramodi ji Joins World Leaders for Commonwealth Heads of Government Meeting Retreat in UK 
 https://t.co/‚Ä¶"
76,"RT @vinayak_jain: Jharkhand Municipal polls ‚Äî

üîπBJP wins 10 of 14 municipal council seats; 10 of 14 Nagar Panchayat seats.¬†¬†
üîπBJP wins 4 of‚Ä¶"
77,"RT @VinodChavdaBJP: PM Shri @narendramodi ji holds talks with German Chancellor Angela Merkel
 https://t.co/fFxBrNYw8q

via NMApp https://t‚Ä¶"
78,"RT @AsYouNotWish: Serial faker, Prakash Raaj, who claims to be apolitical, posts old pics from various locations as the pics of protest aga‚Ä¶"
79,"RT @Daslokeshyadav2: @narendramodi In our country, there is an increase in daily use, one of them is crime, because of prime like rap rape,‚Ä¶"
80,"PM Shri @narendramodi ji holds talks with German Chancellor Angela Merkel
 https://t.co/fFxBrNYw8q

via NMApp https://t.co/nwzjqxadzU"
81,"RT @ArunbajpaiRajan: ‡§®‡§∞‡•á‡§Ç‡§¶‡•ç‡§∞ ‡§Æ‡•ã‡§¶‡•Ä ‡§ú‡•Ä ‡§≠‡§æ‡§∞‡§§ ‡§ï‡•á ‡§™‡§π‡§≤‡•á ‡§ê‡§∏‡•á ‡§™‡•ç‡§∞‡§ß‡§æ‡§®‡§Æ‡§Ç‡§§‡•ç‡§∞‡•Ä ‡§π‡•à, ‡§ú‡§ø‡§®‡§ï‡•á ‡§∏‡§æ‡§Æ‡§®‡•á ‡§Æ‡•Å‡§ù‡•á ‡§ù‡•Å‡§ï‡§®‡§æ ‡§™‡§°‡§º‡§æ :-‡§Æ‡§π‡§æ‡§∞‡§æ‡§®‡•Ä ‡§è‡§≤‡§ø‡§ú‡§æ‡§¨‡•á‡§•,‡§≤‡§Ç‡§¶‡§® 
‡§ú‡§π‡§æ‡§Ç ‡§è‡§ï ‡§ì‡§∞ ‡§π‡§ø‡§Ç‚Ä¶"
82,"@bshivaca @Narayana_kdp Packages thesukoni party's ki support chese vishayam lo competent ye kada mama.
CBN tho kal‚Ä¶ https://t.co/mzj45yrdgO"
83,"RT @Dilsedesh: Narendra Modi may like people to believe that he and Lalit Modi are not on the same page, but it turns out that they are ind‚Ä¶"
84,"So now after Narendra Modi,Amit Shah,Maya Kodnani acquitted in Gujarat Riot case.
So the riots did happened or not?
Transparent governance."
85,"RT @hsawan: #India is a ‚Äòrepublic of fear‚Äô. The #UK must keep the pressure on #Modi: #AmritWilson 

This is unprecedent in international #d‚Ä¶"
86,RT @the_hindu: Prime Minister Narendra Modi was accused of snubbing British Dalits after failing to visit Ambedkar House in London. #Modi‚Ä¶
87,What you get for mass killings in Narendra Modi's India. https://t.co/r1rejcsDVF
88,"Narendra Modi, 52 leaders meet at CHOGM
via NMApp https://t.co/8jwaUL0ESQ"
89,RT @defencedotpk: India is a ‚Äòrepublic of fear‚Äô. The UK must keep the pressure on Modi | Amrit Wilson https://t.co/N8N3RBmj9D
90,"RT @rameshsrivats: #TwitterTips
Want likes? Say something bad about Arvind Kejriwal.
Want retweets? Say something bad about Rahul Gandhi.
W‚Ä¶"
91,RT @GaonConnection: ‡§¨‡§ö‡•ç‡§ö‡§ø‡§Ø‡•ã‡§Ç ‡§ï‡•á ‡§∞‡•á‡§™ ‡§ú‡•à‡§∏‡•á ‡§Æ‡§æ‡§Æ‡§≤‡•á ‡§ï‡•ã ‡§≤‡•á‡§ï‡§∞ ‡§ï‡•á‡§Ç‡§¶‡•ç‡§∞ ‡§∏‡§∞‡§ï‡§æ‡§∞ ‡§∏‡§ñ‡•ç‡§§ ‡§π‡•ã ‡§ó‡§à ‡§π‡•à‡•§ ‡§∏‡§∞‡§ï‡§æ‡§∞ ‡§¶‡•Å‡§∑‡•ç‡§ï‡§∞‡•ç‡§Æ ‡§ï‡•á ‡§¶‡•ã‡§∑‡•Ä ‡§ï‡•ã ‡§Æ‡•å‡§§ ‡§ï‡•Ä ‡§∏‡§ú‡§æ ‡§¶‡•á‡§®‡•á ‡§ï‡•á ‡§™‡•ç‡§∞‡§æ‡§µ‡§ß‡§æ‡§® ‡§µ‡§æ‚Ä¶
92,"RT @VinodChavdaBJP: PM Shri @narendramodi ji Joins World Leaders for Commonwealth Heads of Government Meeting Retreat in UK 
 https://t.co/‚Ä¶"
93,The F in Narendra Modi stands for Family. https://t.co/FZLOUBxYnn
94,"RT @ANI: Prime Minister Narendra Modi arrives in Delhi, received by EAM Sushma Swaraj. https://t.co/GMl1hBCO50"
95,"RT @narendramodi_in: Highlights from Prime Minister @narendramodi's #BharatKiBaat programme in London. 

Check out more quotes of the Prime‚Ä¶"
96,"RT @Daslokeshyadav2: @narendramodi In our country, there is an increase in daily use, one of them is crime, because of prime like rap rape,‚Ä¶"
97,"RT @republic: #CrucialCabinetMeet | PM to hold a special cabinet meeting, key decisions to be taken. Read More here
https://t.co/7ZbQC4BMbA"
98,"RT @Dilsedesh: Narendra Modi may like people to believe that he and Lalit Modi are not on the same page, but it turns out that they are ind‚Ä¶"
99,"RT @dasraghubar: ‡§™‡•ç‡§∞‡§ß‡§æ‡§®‡§Æ‡§Ç‡§§‡•ç‡§∞‡•Ä ‡§∂‡•ç‡§∞‡•Ä @narendramodi ‡§ú‡•Ä  ‡§î‡§∞ 52 ‡§Ö‡§®‡•ç‡§Ø ‡§®‡•á‡§§‡§æ‡§ì‡§Ç ‡§®‡•á ‡§ï‡•â‡§Æ‡§®‡§µ‡•á‡§≤‡•ç‡§• ‡§π‡•á‡§°‡•ç‡§∏ ‡§ë‡§´ ‡§ó‡§µ‡§∞‡•ç‡§®‡§Æ‡•á‡§Ç‡§ü ‡§Æ‡•Ä‡§ü‡§ø‡§Ç‡§ó ‡§Æ‡•á‡§Ç ‡§≠‡§æ‡§ó ‡§≤‡§ø‡§Ø‡§æ
 https://t.co/DS‚Ä¶"
